score,area,title,company,location,work_mode,employment_type,seniority,areas,source,posted_at,url
55,ld,Samostojni skrbnik za razvoj kadrov (m/ž),NLB Lease&Go d.o.o.,Ljubljana,onsite,permanent,mid,ld,mojedelo,2026-09-10,https://www.mojedelo.com/job-ad/samostojni-skrbnik-za-razvoj-kadrov-m-z/c652bb02-a326-418b-b1fa-1c3206c7aa02
51,projects,KOORDINATOR PROJEKTOV KPP (G097032 - KOORDINATOR VII/1) - M/Ž,"CANKARJEV DOM, KULTURNI IN KONGRESNI CENTER",LJUBLJANA,onsite,permanent,unknown,projects,zrsz,2026-09-30,https://www.ess.gov.si/iskalci-zaposlitve/iskanje-zaposlitve/iskanje-dela/?idp=3486934/#/pdm/3486934
51,projects,VODJA PROJEKTOV - M/Ž,"E-NET OKOLJE, OKOLJEVARSTVENE STORITVE D.O.O.",LJUBLJANA,onsite,permanent,senior,projects,zrsz,2026-09-29,https://www.ess.gov.si/iskalci-zaposlitve/iskanje-zaposlitve/iskanje-dela/?idp=3486180/#/pdm/3486180
48,ld,SAMOSTOJNI STROKOVNI SODELAVEC ZA KADRE - SEKTOR ZA PRAVNE IN KADROVSKE ZADEVE - M/Ž,Center za socialno delo Ljubljana,LJUBLJANA,onsite,fixed-term,mid,"ld,hr",zrsz,2026-09-21,https://www.ess.gov.si/iskalci-zaposlitve/iskanje-zaposlitve/iskanje-dela/?idp=3481480/#/pdm/3481480
47,hr,E097030 KADROVIK VII/1 - M/Ž,ZDRAVSTVENI DOM DOMŽALE,DOMŽALE,onsite,permanent,unknown,hr,zrsz,2026-09-25,https://www.ess.gov.si/iskalci-zaposlitve/iskanje-zaposlitve/iskanje-dela/?idp=3477734/#/pdm/3477734
47,ld,Senior HR Operations Specialist (m/ž),Banka Intesa Sanpaolo d. d.,Ljubljana,onsite,permanent,senior,"ld,hr",mojedelo,2026-09-10,https://www.mojedelo.com/job-ad/senior-hr-operations-specialist-m-z/26b7c951-1825-44d5-b5a8-2087bc2cc44e
44,projects,KOORDINATOR PROJEKTA PP00001.00 - M/Ž,Institut »Jožef Stefan«,LJUBLJANA,onsite,fixed-term,unknown,projects,zrsz,2026-09-10,https://www.ess.gov.si/iskalci-zaposlitve/iskanje-zaposlitve/iskanje-dela/?idp=3476460/#/pdm/3476460
44,projects,PROJEKTNI VODJA - M/Ž,TEHNOLOŠKI PARK LJUBLJANA D.O.O.,LJUBLJANA,onsite,fixed-term,senior,projects,zrsz,2026-09-04,https://www.ess.gov.si/iskalci-zaposlitve/iskanje-zaposlitve/iskanje-dela/?idp=3472201/#/pdm/3472201
44,projects,STROKOVNI SODELAVEC - PROJEKTNI VODJA - M/Ž,ŠENT - SLOVENSKO ZDRUŽENJE ZA DUŠEVNO ZDRAVJE,LJUBLJANA,onsite,fixed-term,senior,projects,zrsz,2026-10-05,https://www.ess.gov.si/iskalci-zaposlitve/iskanje-zaposlitve/iskanje-dela/?idp=3488196/#/pdm/3488196
44,projects,VODJA PROJEKTOV - M/Ž,INŠTITUT ASEF ZA IZOBRAŽEVANJE IN RAZISKOVANJE,LJUBLJANA,onsite,fixed-term,senior,projects,zrsz,2026-09-30,https://www.ess.gov.si/iskalci-zaposlitve/iskanje-zaposlitve/iskanje-dela/?idp=3486841/#/pdm/3486841
40,ld,Campaign Manager (m/ž),NLB d.d.,Ljubljana,hybrid,unknown,mid,ld,mojedelo,2026-09-29,https://www.mojedelo.com/job-ad/campaign-manager-m-z/5ac38ddc-cb63-4e25-82d7-76475f504e40
40,ld,Digital Marketing and Training Coordinator,Inštitut za računovodstvo,"Brezovica pri Ljubljani, Brezovica, Slovenia",onsite,unknown,unknown,ld,linkedin,2026-09-10,https://si.linkedin.com/jobs/view/digital-marketing-and-training-coordinator-at-in%C5%A1titut-za-ra%C4%8Dunovodstvo-4465631858
40,hr,E097030 KADROVIK VII/1 - M/Ž,ZDRAVSTVENI DOM DOMŽALE,DOMŽALE,onsite,fixed-term,unknown,hr,zrsz,2026-09-25,https://www.ess.gov.si/iskalci-zaposlitve/iskanje-zaposlitve/iskanje-dela/?idp=3477740/#/pdm/3477740
40,projects,GO27910 VODJA PROJEKTOV - M/Ž,MESTNO GLEDALIŠČE LJUBLJANSKO,LJUBLJANA,onsite,part-time,senior,projects,zrsz,2026-09-15,https://www.ess.gov.si/iskalci-zaposlitve/iskanje-zaposlitve/iskanje-dela/?idp=3478496/#/pdm/3478496
40,ld,Office Manager,Kaching d.o.o.,Ljubljana,onsite,unknown,unknown,ld,mojedelo,2026-09-09,https://www.mojedelo.com/job-ad/office-manager/1ecb9f16-1e00-463a-b22b-a07584076637
40,ld,Pomočnik vzgojitelja (m/ž),MONTESSORI UČNI CENTER,Ljubljana,onsite,unknown,junior,ld,mojedelo,2026-09-16,https://www.mojedelo.com/job-ad/pomocnik-vzgojitelja-m-z/3cd8686a-9503-45c8-bd21-b1d6b5ddb94d
40,ld,Priložnost za vodstvene pozicije (m/ž),ADECCO H.R. d.o.o.,ljubljana,onsite,unknown,unknown,ld,mojedelo,2026-08-16,https://www.mojedelo.com/job-ad/priloznost-za-vodstvene-pozicije-m-z/f579725f-ff20-46df-958f-50471a183974
40,ld,Priložnost za vodstvene pozicije (m/ž),ADECCO H.R. d.o.o.,Ljubljana,onsite,unknown,unknown,ld,mojedelo,2026-09-28,https://www.mojedelo.com/job-ad/priloznost-za-vodstvene-pozicije-m-z/054e3006-99d0-4670-b8f6-7ebb0e2dec42
40,ld,Priložnost za vodstvene pozicije (m/ž),ADECCO H.R. d.o.o.,Ljubljana,onsite,unknown,unknown,ld,mojedelo,2026-09-29,https://www.mojedelo.com/job-ad/priloznost-za-vodstvene-pozicije-m-z/426b7ba5-68a2-4f6d-a868-374f5d817217
40,ld,Talent Management Specialist,Kaching d.o.o.,Ljubljana,onsite,unknown,unknown,"ld,hr,employer-brand",mojedelo,2026-09-28,https://www.mojedelo.com/job-ad/talent-management-specialist/d8cc42c0-5803-4be6-a5ba-e69415860a96
40,ld,Višji/-a vodja kadrovanja (m/ž) / Senior HR Manager (m/ž),Kaching d.o.o.,Ljubljana,onsite,unknown,senior,ld,mojedelo,2026-09-09,https://www.mojedelo.com/job-ad/visji-a-vodja-kadrovanja-m-z-senior-hr-manager-m-z/cf8701ee-a58a-4eea-986b-ff7319605f9a
40,ld,Vodja poslovalnice Grosuplje (m/ž),NLB d.d.,Grosuplje,hybrid,unknown,senior,ld,mojedelo,2026-09-20,https://www.mojedelo.com/job-ad/vodja-poslovalnice-grosuplje-m-z/04c23150-82b2-4f6e-ad3f-d8dc4625c4e6
39,hr,E097030 KADROVIK VII/1 - M/Ž,ZDRAVSTVENI DOM LJUBLJANA,LJUBLJANA,onsite,permanent,unknown,hr,zrsz,2026-09-28,https://www.ess.gov.si/iskalci-zaposlitve/iskanje-zaposlitve/iskanje-dela/?idp=3485186/#/pdm/3485186
39,ld,"Office and HR Specialist (m/ž), Ljubljana",KOMPARE ONLINE d.o.o.,Ljubljana,remote,permanent,junior,"ld,hr",mojedelo,2026-09-27,https://www.mojedelo.com/job-ad/office-and-hr-specialist-m-z-ljubljana/394d2b76-f6bc-4ac9-a9bf-75c3a6936031
36,adult-education,"GENERALNI DIREKTOR (4145), DIREKTORAT ZA SREDNJE IN VIŠJE ŠOLSTVO TER IZOBRAŽEVANJE ODRASLIH - M/Ž","MINISTRSTVO ZA IZOBRAŽEVANJE, ZNANOST IN MLADINO",Ljubljana,onsite,fixed-term,unknown,adult-education,zrsz,2026-09-25,https://www.ess.gov.si/iskalci-zaposlitve/iskanje-zaposlitve/iskanje-dela/?idp=CZK00341/#/pdm/CZK00341
36,projects,IT project manager,NLB d.d.,Ljubljana Metropolitan Area,onsite,unknown,unknown,projects,linkedin,2026-09-30,https://si.linkedin.com/jobs/view/it-project-manager-at-nlb-d-d-4473710936
36,projects,IT projektni vodja (m/ž),NLB d.d.,Ljubljana / možnost hibridnega dela,hybrid,unknown,senior,projects,mojedelo,2026-09-29,https://www.mojedelo.com/job-ad/it-projektni-vodja-m-z/f7e92028-a21b-46ab-8c19-aabb1ad79142
36,projects,Koordinator projektov – prodaja in marketing (m/ž),Panakea d.o.o.,Ljubljana,onsite,unknown,junior,projects,mojedelo,2026-09-23,https://www.mojedelo.com/job-ad/koordinator-projektov-prodaja-in-marketing-m-z/a4ed63e3-e0e0-40e7-a34a-e78387de471f
36,projects,Niamito Marketing Project Coordinator,LoginEKO,"City Municipality of Ljubljana, Slovenia",onsite,unknown,unknown,projects,linkedin,2026-08-31,https://si.linkedin.com/jobs/view/niamito-marketing-project-coordinator-at-logineko-4461051741
36,projects,Project Manager,Kaching d.o.o.,Ljubljana,onsite,unknown,unknown,projects,mojedelo,2026-09-02,https://www.mojedelo.com/job-ad/project-manager/1473a89d-f06e-485e-8110-26f532ea7886
36,projects,Project Manager,Kaching d.o.o.,Ljubljana,onsite,unknown,unknown,projects,mojedelo,2026-10-04,https://www.mojedelo.com/job-ad/project-manager/165b4463-c8ab-47d0-b167-b84a34d66faf
36,projects,Project Manager / Business Analyst,Mikrocop,"Ljubljana, Ljubljana, Slovenia",onsite,unknown,unknown,projects,linkedin,2026-08-25,https://si.linkedin.com/jobs/view/project-manager-business-analyst-at-mikrocop-4450474390
36,projects,Projektni vodja (m/ž) - Ljubljana,Danfoss Trata d.o.o.,Ljubljana,onsite,unknown,senior,projects,mojedelo,2026-09-20,https://www.mojedelo.com/job-ad/projektni-vodja-m-z-ljubljana/3255cbee-c33c-43a7-abd2-cf803c161c7d
36,projects,Projektni vodja tehničnega varovanja (m/ž) - Ljubljana,AGADO d.o.o.,Ljubljana,onsite,unknown,senior,projects,mojedelo,2026-09-21,https://www.mojedelo.com/job-ad/projektni-vodja-tehnicnega-varovanja-m-z-ljubljana/a2427026-835b-491e-b998-4e5b4f5dd3a5
36,projects,Višji produktni vodja za inovacije in strateški razvoj,"A1 Slovenija, d. d.",Ljubljana,onsite,unknown,senior,projects,mojedelo,2026-09-08,https://www.mojedelo.com/job-ad/visji-produktni-vodja-za-inovacije-in-strateski-razvoj/ddb876a4-25e7-479b-a5bb-838351bbb52a
36,projects,Vodja projektov razvoja storitev e-mobilnosti (m/ž),Petrol d.d.,Ljubljana,onsite,unknown,senior,"projects,eu-projects",mojedelo,2026-09-30,https://www.mojedelo.com/job-ad/vodja-projektov-razvoja-storitev-e-mobilnosti-m-z/dcb30a2c-b89d-411c-87ce-ebf4d81ba4b1
36,projects,Vodja projektov za urejanje služnosti nepremičnin (m/ž),Petrol d.d.,Ljubljana,onsite,unknown,senior,projects,mojedelo,2026-09-27,https://www.mojedelo.com/job-ad/vodja-projektov-za-urejanje-sluznosti-nepremicnin-m-z/5b209edd-2af5-48be-b33c-b2fcefd74ba6
32,hr,HR Generalist (m/f),Teknoxgroup,"Grosuplje, Slovenia",onsite,unknown,unknown,hr,linkedin,2026-09-14,https://si.linkedin.com/jobs/view/hr-generalist-m-f-at-teknoxgroup-4465219265
32,hr,HR Generalist/Kadrovski specialist,Lindstrom d.o.o.,Logatec,onsite,unknown,unknown,hr,mojedelo,2026-09-21,https://www.mojedelo.com/job-ad/hr-generalist-kadrovski-specialist/81537cea-a720-49ca-b033-d6775e9fbedb
32,hr,HR Manager - Strokovnjak za kadre,PeK AUTOMOTIVE d.o.o.,Logatec,onsite,unknown,unknown,"hr,employer-brand",mojedelo,2026-09-21,https://www.mojedelo.com/job-ad/hr-manager-strokovnjak-za-kadre/22b6c34f-0f2c-46d4-b0db-21d0a409549f
32,ld,HR generalist (m/ž/d),Telemach Slovenija d.o.o.,Ljubljana,onsite,unknown,mid,"ld,hr",mojedelo,2026-10-01,https://www.mojedelo.com/job-ad/hr-generalist-m-z-d/614de2a0-f8ae-4413-8c2f-b819289c8fed
32,hr,HR specialist za zaposlovanje in kadrovske projekte (m/ž/d),KANSAI HELIOS Slovenija d.o.o.,"Količevo, Domžale",onsite,unknown,senior,hr,mojedelo,2026-09-27,https://www.mojedelo.com/job-ad/hr-specialist-za-zaposlovanje-in-kadrovske-projekte-m-z-d/2e14168a-2b98-48aa-8755-7dcc51f95507
32,hr,"Office and HR Specialist (m/ž), Ljubljana",kompare,"Ljubljana, Ljubljana, Slovenia",onsite,unknown,unknown,hr,linkedin,2026-10-02,https://si.linkedin.com/jobs/view/office-and-hr-specialist-m-%C5%BE-ljubljana-at-kompare-4474709526
32,hr,People Operations Specialist,DevRev,"Ljubljana, Ljubljana, Slovenia",onsite,unknown,unknown,hr,linkedin,2026-09-22,https://si.linkedin.com/jobs/view/people-operations-specialist-at-devrev-4469030165
32,hr,Recruiter (m/ž),WCC d.o.o.,Ljubljana,onsite,unknown,unknown,"hr,employer-brand",mojedelo,2026-09-10,https://www.mojedelo.com/job-ad/recruiter-m-z/92b05ca8-8db6-41a7-aa20-800bbe55d312
32,eu-projects,STROKOVNI DELAVEC V VISOKOŠOLSKI DEJAVNOSTI VII/2-I - ZA PROGRAME MOBILNOSTI - M/Ž,UNIVERZA V LJUBLJANI,LJUBLJANA,onsite,fixed-term,unknown,eu-projects,zrsz,2026-10-01,https://www.ess.gov.si/iskalci-zaposlitve/iskanje-zaposlitve/iskanje-dela/?idp=3485967/#/pdm/3485967
32,eu-projects,"STROKOVNI SODELAVEC V TEHNOLOŠKEM ODDELKU NA PODROČJU VODENJA EU PROJEKTA RED&PRO, KI ZAJEMA DELO V ZELENEM LABU - M/Ž",Kreativno središče Center Rog,LJUBLJANA,onsite,fixed-term,senior,eu-projects,zrsz,2026-08-24,https://www.ess.gov.si/iskalci-zaposlitve/iskanje-zaposlitve/iskanje-dela/?idp=3466622/#/pdm/3466622
32,hr,Talent Acquisition Partner,Paymentology,"Ig, Ljubljana, Slovenia",onsite,unknown,unknown,hr,linkedin,2026-08-25,https://si.linkedin.com/jobs/view/talent-acquisition-partner-at-paymentology-4458768461
32,hr,Talent Acquisition Specialist,CapsLock,"Ig, Ljubljana, Slovenia",onsite,unknown,unknown,hr,linkedin,2026-09-29,https://si.linkedin.com/jobs/view/talent-acquisition-specialist-at-capslock-4473553411
32,hr,Talent Management Specialist,Tasty Dose,"Ljubljana, Slovenia",onsite,unknown,unknown,hr,linkedin,2026-09-28,https://si.linkedin.com/jobs/view/talent-management-specialist-at-tasty-dose-4472490926
32,eu-projects,VIŠJI SVETOVALEC -  PROJEKT TRAJNOSTNA MOBILNOST - M/Ž,OBČINA BOROVNICA,VRHNIKA,onsite,fixed-term,senior,eu-projects,zrsz,2026-10-01,https://www.ess.gov.si/iskalci-zaposlitve/iskanje-zaposlitve/iskanje-dela/?idp=3487492/#/pdm/3487492
32,ld,Vodja kadrov in splošnih zadev (m/ž),BKS BANK AG,Ljubljana,onsite,unknown,senior,ld,mojedelo,2026-09-23,https://www.mojedelo.com/job-ad/vodja-kadrov-in-splosnih-zadev-m-z/7ebb6e45-d3e5-4005-830f-a9fe3f7e482d
27,ld,"PODSEKRETAR ZA SISTEMSKA VPRAŠANJA (410002), SEKRETARIAT GENERALNEGA SEKRETARJA, SLUŽBA ZA KADROVSKE ZADEVE - M/Ž",MINISTRSTVO ZA OBRAMBO,Ljubljana,onsite,permanent,unknown,ld,zrsz,2026-09-11,https://www.ess.gov.si/iskalci-zaposlitve/iskanje-zaposlitve/iskanje-dela/?idp=CZK00300/#/pdm/CZK00300
27,ld,"SAMOSTOJNI SVETOVALEC I – OBMOČNA SLUŽBA LJUBLJANA, URAD ZA DELO LJUBLJANA - M/Ž",ZAVOD REPUBLIKE SLOVENIJE ZA ZAPOSLOVANJE,LJUBLJANA,onsite,permanent,mid,ld,zrsz,2026-09-04,https://www.ess.gov.si/iskalci-zaposlitve/iskanje-zaposlitve/iskanje-dela/?idp=3472541/#/pdm/3472541
27,ld,SEKRETAR STANOVANJSKEGA SKLADA RS - M/Ž,"STANOVANJSKI SKLAD REPUBLIKE SLOVENIJE, JAVNI SKLAD",LJUBLJANA,onsite,permanent,senior,ld,zrsz,2026-09-16,https://www.ess.gov.si/iskalci-zaposlitve/iskanje-zaposlitve/iskanje-dela/?idp=3480102/#/pdm/3480102
23,projects,PODROČNI SVETOVALEC I - M/Ž,"Javni zavod za kulturo, mladino in šport Litija",LITIJA,onsite,permanent,senior,projects,zrsz,2026-09-08,https://www.ess.gov.si/iskalci-zaposlitve/iskanje-zaposlitve/iskanje-dela/?idp=3474164/#/pdm/3474164
23,projects,POMOČNIK VODJE PROJEKTOV - M/Ž,"ZARJA KOVIS D.O.O., KAMNIK",KAMNIK,onsite,permanent,senior,projects,zrsz,2026-09-30,https://www.ess.gov.si/iskalci-zaposlitve/iskanje-zaposlitve/iskanje-dela/?idp=3487110/#/pdm/3487110
20,projects,Referent za kadre,Valina d.o.o.,Ljubljana,onsite,unknown,junior,projects,mojedelo,2026-08-18,https://www.mojedelo.com/job-ad/referent-za-kadre/ad1dc9f4-d6c1-47d7-8363-e2b67d4d0165
20,ld,"SAMOSTOJNI SVETOVALEC I – OBMOČNA SLUŽBA LJUBLJANA, URAD ZA DELO DOMŽALE, KAMNIK - M/Ž",ZAVOD REPUBLIKE SLOVENIJE ZA ZAPOSLOVANJE,DOMŽALE,onsite,fixed-term,mid,ld,zrsz,2026-09-04,https://www.ess.gov.si/iskalci-zaposlitve/iskanje-zaposlitve/iskanje-dela/?idp=3472366/#/pdm/3472366
20,ld,"SAMOSTOJNI SVETOVALEC I – OBMOČNA SLUŽBA LJUBLJANA, URAD ZA DELO VRHNIKA, LOGATEC, CERKNICA - M/Ž",ZAVOD REPUBLIKE SLOVENIJE ZA ZAPOSLOVANJE,VRHNIKA,onsite,fixed-term,mid,ld,zrsz,2026-09-07,https://www.ess.gov.si/iskalci-zaposlitve/iskanje-zaposlitve/iskanje-dela/?idp=3473637/#/pdm/3473637
20,ld,"SAMOSTOJNI SVETOVALEC I – PROJEKT @WORK4NEETS — POVEČANJE ZAPOSLITVENIH MOŽNOSTI ZA NEET S KREPITVIJO ZMOGLJIVOSTI IN IZBOLJŠANIMI POLITIČNIMI UKREPI, CENTRALNA SLUŽBA, DELOVNO PODROČJE ZA ZAPOSLOVANJE IN AKTIVNO POLITIKO ZAPOSLOVANJA, SLUŽBA ZA VSEŽIVLJENJSKO KARIERNO ORIENTACIJO - M/Ž",ZAVOD REPUBLIKE SLOVENIJE ZA ZAPOSLOVANJE,LJUBLJANA,onsite,fixed-term,mid,ld,zrsz,2026-10-05,https://www.ess.gov.si/iskalci-zaposlitve/iskanje-zaposlitve/iskanje-dela/?idp=3488446/#/pdm/3488446
20,ld,VIŠJI SVETOVALEC PODROČJA III - M/Ž,"Javni štipendijski, razvojni, invalidski in preživninski sklad Republike Slovenije",LJUBLJANA,onsite,fixed-term,junior,ld,zrsz,2026-09-24,https://www.ess.gov.si/iskalci-zaposlitve/iskanje-zaposlitve/iskanje-dela/?idp=3484335/#/pdm/3484335
16,content-comms,Brand Content Specialist,Philip Morris International,"Ljubljana, Ljubljana, Slovenia",onsite,unknown,unknown,content-comms,linkedin,2026-08-28,https://si.linkedin.com/jobs/view/brand-content-specialist-at-philip-morris-international-4460512459
16,content-comms,Community Manager (m/ž),WCC d.o.o.,Ljubljana,onsite,unknown,unknown,content-comms,mojedelo,2026-09-10,https://www.mojedelo.com/job-ad/community-manager-m-z/b2d1ccb2-32a5-4f56-8a8f-4e8b8602dd45
16,content-comms,Digital Marketing & Social Media Specialist,Ultrasonic cleaners ASONIC,"Ljubljana, Ljubljana, Slovenia",onsite,unknown,unknown,content-comms,linkedin,2026-09-07,https://si.linkedin.com/jobs/view/digital-marketing-social-media-specialist-at-ultrasonic-cleaners-asonic-4462245332
16,hr,Kadrovski in pisarniški administrator – občasno delo za upokojence (m/ž),GMP PLUS d.o.o.,Ljubljana,onsite,unknown,unknown,hr,mojedelo,2026-09-13,https://www.mojedelo.com/job-ad/kadrovski-in-pisarniski-administrator-obcasno-delo-za-upokojence-m-z/6a7d80e3-2da8-49ea-ad75-ed10a39a9986
16,content-comms,Niamito Social Media Specialist,LoginEKO,"City Municipality of Ljubljana, Slovenia",onsite,unknown,unknown,content-comms,linkedin,2026-09-02,https://si.linkedin.com/jobs/view/niamito-social-media-specialist-at-logineko-4462119936
16,content-comms,Niamito Social Media Specialist,LoginEKO,"City Municipality of Ljubljana, Slovenia",onsite,unknown,unknown,content-comms,linkedin,2026-09-25,https://si.linkedin.com/jobs/view/niamito-social-media-specialist-at-logineko-4471872469
16,content-comms,Regional Marketing Coordinator,Transoft Solutions Inc.,"Ig, Ljubljana, Slovenia",onsite,unknown,unknown,content-comms,linkedin,2026-09-23,https://si.linkedin.com/jobs/view/regional-marketing-coordinator-at-transoft-solutions-inc-4469335168
16,projects,STROKOVNI DELAVEC V RAZISKOVALNI DEJAVNOSTI VII/2-II NA PODROČJU PROJEKTNE PODPORE (H037006) - M/Ž,ZAVOD ZA GRADBENIŠTVO SLOVENIJE,LJUBLJANA,onsite,fixed-term,junior,projects,zrsz,2026-09-23,https://www.ess.gov.si/iskalci-zaposlitve/iskanje-zaposlitve/iskanje-dela/?idp=3483944/#/pdm/3483944
12,projects,H029002 VODILNI STROKOVNI SODELAVEC Z DOKTORATOM - DELO NA PROJEKTU - M/Ž,NARODNA IN UNIVERZITETNA KNJIŽNICA,LJUBLJANA,onsite,part-time,senior,projects,zrsz,2026-09-01,https://www.ess.gov.si/iskalci-zaposlitve/iskanje-zaposlitve/iskanje-dela/?idp=3470819/#/pdm/3470819
12,events,Koordinator dogodkov (m/ž),GUARDIARIS d.o.o.,Ljubljana,onsite,unknown,unknown,events,mojedelo,2026-09-29,https://www.mojedelo.com/job-ad/koordinator-dogodkov-m-z/a3f1dacb-ba4c-4417-93aa-9f07b82b30f3
12,events,Sodelavec v Marketinških dogodkih in projektih (m/ž),"Krka, tovarna zdravil, d. d., Novo mesto",Ljubljana,onsite,unknown,unknown,events,mojedelo,2026-09-16,https://www.mojedelo.com/job-ad/sodelavec-v-marketinskih-dogodkih-in-projektih-m-z/3591a4e1-9bb1-475f-b920-24fac429aac2
4,ld,KADROVSKA SLUŽBA - M/Ž,"FEA GROUP, inštaliranje strojnih inštalacij, d.o.o.",LJUBLJANA,onsite,fixed-term,unknown,ld,zrsz,2026-09-25,https://www.ess.gov.si/iskalci-zaposlitve/iskanje-zaposlitve/iskanje-dela/?idp=3484507/#/pdm/3484507
